{
    "ensemble": "D251",
    "resample_type": "jackknife",
    "bin_size": 1,

    "c2pt": {
        "central_value_fit": true,
        "resample_fit": true,
        "correlated": true,
        "signal_to_noise_threshold": 5,
        "initial_timslices": [1, 2, 3, 4, 5, 6],
        "initial_parameters": {
            "nmax-0": {"A0": 1e-14, "E0": 0.33880, "A1": 1e-14, "dE1": 0.39},
            "nmax-1": {"A0": 1e-14, "E0": 0.35181, "A1": 1e-14, "dE1": 0.39},
            "nmax-2": {"A0": 1e-14, "E0": 0.36584, "A1": 1e-14, "dE1": 0.40},
            "nmax-3": {"A0": 1e-14, "E0": 0.37949, "A1": 1e-14, "dE1": 0.42},
            "nmax-4": {"A0": 1e-14, "E0": 0.39167, "A1": 1e-14, "dE1": 0.44},
            "nmax-5": {"A0": 1e-14, "E0": 0.40250, "A1": 1e-14, "dE1": 0.40},
            "nmax-6": {"A0": 1e-14, "E0": 0.41509, "A1": 1e-14, "dE1": 0.42},
            "nmax-8": {"A0": 1e-14, "E0": 0.43501, "A1": 1e-14, "dE1": 0.39}
        }
    },
    "c2pt_ratio": {
        "central_value_fit": true,
        "resample_fit": true,
        "correlated": true,
        "signal_to_noise_threshold": 5,
        "initial_timslices": [1, 2, 3, 4, 5, 6],
        "initial_parameters": {
            "nmax-1": {"Z": 0.7615, "Bq": 1.1316, "dE1q": 0.39378, "B0": 1.0651, "dE10": 0.39445},
            "nmax-2": {"Z": 0.5881, "Bq": 1.2166, "dE1q": 0.40624, "B0": 1.0651, "dE10": 0.39445},
            "nmax-3": {"Z": 0.4580, "Bq": 1.3373, "dE1q": 0.42769, "B0": 1.0651, "dE10": 0.39445},
            "nmax-4": {"Z": 0.3523, "Bq": 1.5154, "dE1q": 0.44218, "B0": 1.0651, "dE10": 0.39445},
            "nmax-5": {"Z": 0.2683, "Bq": 1.4748, "dE1q": 0.40500, "B0": 1.0651, "dE10": 0.39445},
            "nmax-6": {"Z": 0.2114, "Bq": 1.5770, "dE1q": 0.42117, "B0": 1.0651, "dE10": 0.39445},
            "nmax-8": {"Z": 0.1247, "Bq": 1.7391, "dE1q": 0.39445, "B0": 1.0651, "dE10": 0.39445}
        }
    }
}
